Date,Close,High,Low,Open,Volume
2023-07-03,73.0,74.0,72.0,73.0,318600
2023-07-04,73.0,74.0,72.0,73.0,992900
2023-07-05,77.0,79.0,72.0,73.0,7557100
2023-07-06,74.0,81.0,73.0,78.0,9173100
2023-07-07,72.0,75.0,72.0,74.0,1805400
2023-07-10,73.0,74.0,72.0,73.0,635800
2023-07-11,73.0,73.0,72.0,73.0,631400
2023-07-12,74.0,75.0,72.0,72.0,1397800
2023-07-13,74.0,75.0,74.0,75.0,1071700
2023-07-14,82.0,83.0,74.0,74.0,7973200
2023-07-17,78.0,82.0,76.0,82.0,5644700
2023-07-18,80.0,82.0,78.0,78.0,5489000
2023-07-20,79.0,81.0,79.0,80.0,1275300
2023-07-21,84.0,85.0,77.0,79.0,6089600
2023-07-24,79.0,86.0,76.0,86.0,13270900
2023-07-25,77.0,80.0,77.0,79.0,3772300
2023-07-26,78.0,79.0,77.0,77.0,732800
2023-07-27,78.0,79.0,77.0,78.0,1091100
2023-07-28,75.0,78.0,75.0,78.0,987900
2023-07-31,80.0,80.0,75.0,75.0,3703800
2023-08-01,79.0,82.0,77.0,79.0,5056500
2023-08-02,77.0,79.0,76.0,79.0,4338600
2023-08-03,78.0,79.0,75.0,77.0,1663400
2023-08-04,77.0,78.0,76.0,77.0,411900
2023-08-07,76.0,77.0,75.0,77.0,1191800
2023-08-08,77.0,77.0,75.0,76.0,547700
2023-08-09,77.0,78.0,75.0,77.0,1411500
2023-08-10,78.0,80.0,77.0,77.0,1817300
2023-08-11,74.0,78.0,73.0,78.0,1642100
2023-08-14,71.0,75.0,70.0,75.0,4050300
2023-08-15,73.0,73.0,71.0,71.0,751300
2023-08-16,74.0,75.0,71.0,72.0,1136300
2023-08-18,73.0,75.0,72.0,74.0,761600
2023-08-21,72.0,74.0,71.0,73.0,910400
2023-08-22,71.0,72.0,69.0,72.0,1185500
2023-08-23,78.0,81.0,69.0,71.0,10638000
2023-08-24,73.0,85.0,72.0,79.0,17097900
2023-08-25,76.0,79.0,74.0,75.0,4813300
2023-08-28,75.0,77.0,74.0,76.0,1361100
2023-08-29,74.0,75.0,73.0,75.0,1057400
2023-08-30,72.0,75.0,72.0,75.0,1339200
2023-08-31,70.0,73.0,68.0,73.0,4391700
2023-09-01,70.0,72.0,68.0,70.0,1798800
2023-09-04,69.0,71.0,68.0,70.0,1256000
2023-09-05,68.0,70.0,66.0,69.0,1630200
2023-09-06,71.0,73.0,67.0,68.0,6039700
2023-09-07,70.0,76.0,68.0,74.0,7309500
2023-09-08,68.0,70.0,67.0,70.0,1933300
2023-09-11,69.0,74.0,68.0,74.0,1711200
2023-09-12,69.0,71.0,67.0,69.0,1622500
2023-09-13,67.0,69.0,67.0,68.0,722300
2023-09-14,66.0,69.0,65.0,68.0,2004200
2023-09-15,67.0,68.0,66.0,67.0,483900
2023-09-18,67.0,69.0,64.0,68.0,1734800
2023-09-19,68.0,68.0,66.0,67.0,399800
2023-09-20,66.0,72.0,65.0,67.0,8627600
2023-09-21,67.0,68.0,66.0,67.0,1021700
2023-09-22,67.0,68.0,65.0,66.0,905500
2023-09-25,69.0,78.0,67.0,67.0,21372700
2023-09-26,69.0,70.0,67.0,69.0,2855700
2023-09-27,71.0,73.0,68.0,69.0,4779900
2023-09-29,71.0,73.0,70.0,72.0,1520500
2023-10-02,71.0,73.0,68.0,71.0,1446600
2023-10-03,69.0,70.0,68.0,70.0,1309700
2023-10-04,69.0,71.0,67.0,69.0,1980200
2023-10-05,69.0,70.0,67.0,69.0,1288300
2023-10-06,70.0,70.0,68.0,69.0,396000
2023-10-09,69.0,70.0,69.0,70.0,356600
2023-10-10,69.0,74.0,68.0,69.0,7661800
2023-10-11,69.0,70.0,68.0,70.0,895600
2023-10-12,69.0,70.0,68.0,69.0,368500
2023-10-13,70.0,70.0,68.0,70.0,852000
2023-10-16,69.0,70.0,67.0,70.0,764700
2023-10-17,68.0,69.0,67.0,69.0,582200
2023-10-18,68.0,69.0,68.0,68.0,385300
2023-10-19,67.0,69.0,66.0,66.0,255500
2023-10-20,68.0,69.0,67.0,67.0,383400
2023-10-23,68.0,69.0,66.0,68.0,1021600
2023-10-24,68.0,75.0,67.0,68.0,11233900
2023-10-25,68.0,69.0,67.0,68.0,1042100
2023-10-26,69.0,69.0,68.0,69.0,454500
2023-10-27,68.0,72.0,68.0,69.0,1369800
2023-10-30,66.0,68.0,66.0,68.0,1175700
2023-10-31,66.0,67.0,65.0,67.0,554200
2023-11-01,67.0,67.0,63.0,66.0,597200
2023-11-02,66.0,67.0,64.0,64.0,320900
2023-11-03,66.0,68.0,64.0,66.0,314000
2023-11-06,64.0,66.0,63.0,66.0,1033900
2023-11-07,63.0,66.0,62.0,65.0,835200
2023-11-08,63.0,65.0,61.0,63.0,1175200
2023-11-09,67.0,69.0,64.0,64.0,5332600
2023-11-10,67.0,76.0,67.0,71.0,29675000
2023-11-13,65.0,69.0,63.0,67.0,4957900
2023-11-14,64.0,65.0,62.0,65.0,2984800
2023-11-15,64.0,65.0,63.0,64.0,398900
2023-11-16,64.0,66.0,64.0,64.0,664200
2023-11-17,63.0,66.0,63.0,65.0,806700
2023-11-20,64.0,66.0,63.0,64.0,754400
2023-11-21,65.0,66.0,64.0,64.0,559800
2023-11-22,63.0,65.0,63.0,65.0,652600
2023-11-23,65.0,65.0,63.0,63.0,210100
2023-11-24,65.0,65.0,64.0,65.0,478400
2023-11-27,64.0,65.0,63.0,65.0,267700
2023-11-28,64.0,65.0,63.0,65.0,368400
2023-11-29,65.0,65.0,63.0,65.0,105800
2023-11-30,64.0,66.0,63.0,65.0,590000
2023-12-01,63.0,65.0,63.0,64.0,344300
2023-12-04,64.0,64.0,61.0,63.0,788800
2023-12-05,62.0,64.0,62.0,64.0,480800
2023-12-06,63.0,68.0,62.0,62.0,14288600
2023-12-07,63.0,64.0,62.0,63.0,818800
2023-12-08,62.0,63.0,62.0,62.0,729500
2023-12-11,60.0,63.0,60.0,63.0,1845400
2023-12-12,54.0,60.0,52.0,60.0,1878900
2023-12-13,50.0,54.0,50.0,50.0,3562400
2023-12-14,53.0,62.0,50.0,51.0,6747000
2023-12-15,53.0,54.0,51.0,53.0,790200
2023-12-18,51.0,54.0,51.0,53.0,455300
2023-12-19,50.0,51.0,50.0,51.0,1704200
2023-12-20,50.0,51.0,50.0,51.0,1324900
2023-12-21,51.0,51.0,50.0,50.0,2574700
2023-12-22,51.0,52.0,50.0,51.0,130700
2023-12-27,51.0,51.0,50.0,50.0,469400
2023-12-28,50.0,51.0,50.0,51.0,413300
2023-12-29,67.0,67.0,51.0,51.0,26593000
2024-01-02,79.0,90.0,74.0,77.0,282855200
2024-01-03,76.0,82.0,71.0,80.0,27193800
2024-01-04,75.0,78.0,71.0,74.0,12996200
2024-01-05,72.0,84.0,72.0,72.0,45474500
2024-01-08,70.0,77.0,66.0,66.0,23791200
2024-01-09,69.0,74.0,68.0,68.0,13257600
2024-01-10,69.0,72.0,66.0,66.0,13314000
2024-01-11,68.0,69.0,67.0,67.0,2686500
2024-01-12,68.0,69.0,64.0,64.0,1698800
2024-01-15,68.0,69.0,67.0,67.0,910400
2024-01-16,68.0,69.0,67.0,68.0,953300
2024-01-17,67.0,72.0,65.0,68.0,15204900
2024-01-18,66.0,68.0,66.0,68.0,2421200
2024-01-19,66.0,68.0,66.0,66.0,858300
2024-01-22,65.0,67.0,63.0,66.0,1943200
2024-01-23,64.0,66.0,64.0,65.0,1008200
2024-01-24,64.0,66.0,63.0,64.0,1311000
2024-01-25,61.0,64.0,61.0,63.0,2302400
2024-01-26,61.0,63.0,60.0,61.0,1057000
2024-01-29,60.0,61.0,60.0,61.0,536200
2024-01-30,56.0,60.0,56.0,60.0,2028700
2024-01-31,57.0,63.0,54.0,55.0,4573300
2024-02-01,58.0,60.0,57.0,58.0,764300
2024-02-02,59.0,61.0,58.0,58.0,1246000
2024-02-05,59.0,60.0,58.0,59.0,303900
2024-02-06,59.0,63.0,56.0,59.0,556400
2024-02-07,58.0,62.0,57.0,59.0,255200
2024-02-12,57.0,60.0,57.0,57.0,213100
2024-02-13,58.0,60.0,56.0,58.0,1005800
2024-02-15,58.0,58.0,56.0,57.0,584100
2024-02-16,57.0,58.0,55.0,57.0,1185300
2024-02-19,57.0,60.0,56.0,56.0,120200
2024-02-20,58.0,60.0,56.0,60.0,3554700
2024-02-21,58.0,64.0,56.0,57.0,10250600
2024-02-22,56.0,59.0,54.0,58.0,2951900
2024-02-23,52.0,56.0,52.0,56.0,3708100
2024-02-26,53.0,54.0,51.0,52.0,1888300
2024-02-27,52.0,54.0,52.0,54.0,637600
2024-02-28,52.0,58.0,52.0,52.0,7612200
2024-02-29,54.0,55.0,52.0,53.0,1103200
2024-03-01,54.0,55.0,53.0,55.0,503700
2024-03-04,53.0,55.0,53.0,54.0,872800
2024-03-05,53.0,54.0,52.0,54.0,779600
2024-03-06,53.0,54.0,52.0,53.0,320900
2024-03-07,54.0,54.0,52.0,53.0,116700
2024-03-08,52.0,54.0,52.0,54.0,333900
2024-03-13,53.0,54.0,52.0,52.0,377600
2024-03-14,54.0,57.0,53.0,54.0,754800
2024-03-15,53.0,55.0,53.0,54.0,344200
2024-03-18,53.0,54.0,52.0,52.0,888000
2024-03-19,53.0,53.0,51.0,53.0,366900
2024-03-20,52.0,56.0,51.0,53.0,4377700
2024-03-21,52.0,53.0,51.0,53.0,306100
2024-03-22,51.0,53.0,51.0,52.0,621200
2024-03-25,52.0,52.0,51.0,52.0,391000
2024-03-26,51.0,52.0,50.0,52.0,1372000
2024-03-27,51.0,52.0,50.0,51.0,857500
2024-03-28,50.0,52.0,50.0,50.0,1811700
2024-04-01,50.0,50.0,50.0,50.0,79500
2024-04-02,50.0,50.0,50.0,50.0,18000
2024-04-03,50.0,50.0,50.0,50.0,3100
2024-04-04,50.0,50.0,50.0,50.0,3400
2024-04-05,50.0,50.0,50.0,50.0,6200
2024-04-16,50.0,50.0,50.0,50.0,26400
2024-04-17,50.0,50.0,50.0,50.0,251000
2024-04-18,50.0,50.0,50.0,50.0,326700
2024-04-19,50.0,50.0,50.0,50.0,19600
2024-04-22,50.0,50.0,50.0,50.0,1800
2024-04-23,50.0,50.0,50.0,50.0,0
2024-04-24,50.0,50.0,50.0,50.0,25000
2024-04-25,50.0,50.0,50.0,50.0,12500
2024-04-26,50.0,50.0,50.0,50.0,700
2024-04-29,50.0,50.0,50.0,50.0,2300
2024-04-30,50.0,50.0,50.0,50.0,23600
2024-05-02,50.0,50.0,50.0,50.0,800
2024-05-03,50.0,50.0,50.0,50.0,0
2024-05-06,50.0,50.0,50.0,50.0,10400
2024-05-07,50.0,50.0,50.0,50.0,2200
2024-05-08,50.0,50.0,50.0,50.0,24000
2024-05-13,50.0,50.0,50.0,50.0,7500
2024-05-14,50.0,50.0,50.0,50.0,100
2024-05-15,50.0,50.0,50.0,50.0,100
2024-05-16,50.0,50.0,50.0,50.0,1700
2024-05-17,50.0,50.0,50.0,50.0,1100
2024-05-20,50.0,50.0,50.0,50.0,38400
2024-05-21,50.0,50.0,50.0,50.0,300
2024-05-22,50.0,50.0,50.0,50.0,1300
2024-05-27,50.0,50.0,50.0,50.0,0
2024-05-28,50.0,50.0,50.0,50.0,7100
2024-05-29,50.0,50.0,50.0,50.0,0
2024-05-30,50.0,50.0,50.0,50.0,2500
2024-05-31,50.0,50.0,50.0,50.0,200
2024-06-03,50.0,50.0,50.0,50.0,12700
2024-06-04,50.0,50.0,50.0,50.0,3100
2024-06-05,50.0,50.0,50.0,50.0,0
2024-06-06,50.0,50.0,50.0,50.0,0
2024-06-07,50.0,50.0,50.0,50.0,600
2024-06-10,50.0,50.0,50.0,50.0,100
2024-06-11,50.0,50.0,50.0,50.0,500
2024-06-12,50.0,50.0,50.0,50.0,600
2024-06-13,50.0,50.0,50.0,50.0,600
2024-06-14,50.0,50.0,50.0,50.0,0
2024-06-19,50.0,50.0,50.0,50.0,0
2024-06-20,50.0,50.0,50.0,50.0,1000
2024-06-21,50.0,50.0,50.0,50.0,500
2024-06-24,50.0,50.0,50.0,50.0,0
2024-06-25,50.0,50.0,50.0,50.0,200
2024-06-26,50.0,50.0,50.0,50.0,100
2024-06-27,50.0,50.0,50.0,50.0,200
2024-06-28,50.0,50.0,50.0,50.0,100
2024-07-01,50.0,50.0,50.0,50.0,500
2024-07-02,50.0,50.0,50.0,50.0,0
2024-07-03,50.0,50.0,50.0,50.0,17500
2024-07-04,50.0,50.0,50.0,50.0,4600
2024-07-05,50.0,50.0,50.0,50.0,1000
2024-07-08,50.0,50.0,50.0,50.0,1400
2024-07-09,50.0,50.0,50.0,50.0,3400
2024-07-10,50.0,50.0,50.0,50.0,10200
2024-07-11,50.0,50.0,50.0,50.0,1000
2024-07-12,58.0,65.0,50.0,50.0,29188500
2024-07-15,50.0,59.0,50.0,59.0,13293900
2024-07-16,51.0,51.0,50.0,50.0,1188200
2024-07-17,51.0,52.0,50.0,51.0,2324400
2024-07-18,50.0,51.0,50.0,50.0,1376100
2024-07-19,50.0,51.0,50.0,51.0,671700
2024-07-22,50.0,50.0,50.0,50.0,106300
2024-07-23,50.0,50.0,50.0,50.0,49900
2024-07-24,50.0,50.0,50.0,50.0,29300
2024-07-25,50.0,53.0,50.0,50.0,3463400
2024-07-26,50.0,51.0,50.0,50.0,299600
2024-07-29,50.0,50.0,50.0,50.0,422500
2024-07-30,50.0,51.0,50.0,50.0,330000
2024-07-31,51.0,53.0,50.0,50.0,4785100
2024-08-01,50.0,52.0,50.0,51.0,984700
2024-08-02,51.0,55.0,50.0,50.0,6841400
2024-08-05,51.0,52.0,50.0,51.0,1102600
2024-08-06,50.0,52.0,50.0,51.0,475800
2024-08-07,50.0,51.0,50.0,50.0,494200
2024-08-08,52.0,54.0,50.0,50.0,1209100
2024-08-09,51.0,53.0,51.0,53.0,742500
2024-08-12,52.0,53.0,51.0,52.0,580500
2024-08-13,51.0,53.0,51.0,53.0,895400
2024-08-14,52.0,53.0,51.0,52.0,267100
2024-08-15,52.0,53.0,52.0,52.0,441900
2024-08-16,54.0,54.0,52.0,53.0,693500
2024-08-19,53.0,54.0,52.0,53.0,563500
2024-08-20,60.0,60.0,52.0,52.0,12926200
2024-08-21,55.0,62.0,54.0,60.0,9758200
2024-08-22,55.0,55.0,52.0,55.0,1792400
2024-08-23,56.0,58.0,55.0,56.0,1214200
2024-08-26,58.0,58.0,56.0,56.0,432500
2024-08-27,57.0,59.0,57.0,57.0,1439500
2024-08-28,57.0,65.0,56.0,59.0,19146300
2024-08-29,59.0,61.0,56.0,58.0,5053400
2024-08-30,59.0,63.0,58.0,59.0,6446500
2024-09-02,59.0,62.0,59.0,61.0,3611200
2024-09-03,59.0,63.0,59.0,60.0,4842900
2024-09-04,61.0,61.0,58.0,59.0,1443600
2024-09-05,61.0,65.0,59.0,61.0,15487100
2024-09-06,61.0,70.0,60.0,61.0,22165000
2024-09-09,61.0,64.0,61.0,62.0,2287200
2024-09-10,61.0,63.0,60.0,61.0,1505900
2024-09-11,59.0,62.0,59.0,61.0,1390300
2024-09-12,61.0,62.0,59.0,59.0,809100
2024-09-13,59.0,61.0,58.0,61.0,1365900
2024-09-17,58.0,60.0,58.0,59.0,854600
2024-09-18,59.0,60.0,58.0,58.0,149500
2024-09-19,59.0,61.0,58.0,59.0,526300
2024-09-20,57.0,61.0,57.0,60.0,327900
2024-09-23,58.0,60.0,57.0,58.0,374300
2024-09-24,57.0,58.0,57.0,58.0,376500
2024-09-25,57.0,59.0,57.0,58.0,129500
2024-09-26,58.0,60.0,57.0,58.0,666100
2024-09-27,59.0,62.0,58.0,59.0,3178700
2024-09-30,58.0,61.0,58.0,58.0,844100
2024-10-01,57.0,59.0,56.0,58.0,788200
2024-10-02,57.0,62.0,57.0,57.0,3357700
2024-10-03,56.0,60.0,55.0,58.0,930900
2024-10-04,56.0,58.0,54.0,56.0,1076500
2024-10-07,58.0,59.0,56.0,56.0,762800
2024-10-08,58.0,59.0,56.0,58.0,719100
2024-10-09,58.0,59.0,57.0,57.0,454500
2024-10-10,59.0,59.0,57.0,57.0,526400
2024-10-11,60.0,62.0,58.0,58.0,2436100
2024-10-14,62.0,64.0,60.0,60.0,6835800
2024-10-15,62.0,63.0,60.0,62.0,1341000
2024-10-16,61.0,62.0,60.0,62.0,1224800
2024-10-17,64.0,67.0,60.0,61.0,30521700
2024-10-18,62.0,65.0,60.0,64.0,6798500
2024-10-21,62.0,64.0,61.0,63.0,1691400
2024-10-22,62.0,62.0,61.0,62.0,894700
2024-10-23,61.0,61.0,60.0,61.0,927700
2024-10-24,60.0,63.0,60.0,61.0,1556000
2024-10-25,61.0,61.0,60.0,60.0,865900
2024-10-28,61.0,62.0,60.0,61.0,848700
2024-10-29,60.0,61.0,58.0,60.0,3016900
2024-10-30,60.0,61.0,58.0,60.0,615100
2024-10-31,59.0,60.0,58.0,60.0,166500
2024-11-01,58.0,60.0,57.0,60.0,961600
2024-11-04,64.0,64.0,57.0,58.0,7853000
2024-11-05,61.0,63.0,59.0,63.0,3939500
2024-11-06,60.0,61.0,58.0,60.0,663100
2024-11-07,59.0,60.0,57.0,58.0,1163400
2024-11-08,57.0,59.0,57.0,59.0,668700
2024-11-11,57.0,57.0,56.0,56.0,392300
2024-11-12,56.0,58.0,55.0,56.0,474700
2024-11-13,57.0,59.0,52.0,56.0,4004000
2024-11-14,58.0,58.0,55.0,55.0,1033500
2024-11-15,57.0,58.0,55.0,58.0,272500
2024-11-18,58.0,58.0,55.0,56.0,726600
2024-11-19,58.0,59.0,56.0,56.0,554900
2024-11-20,56.0,58.0,55.0,57.0,331400
2024-11-21,56.0,58.0,55.0,55.0,224500
2024-11-22,56.0,56.0,54.0,55.0,211500
2024-11-25,56.0,57.0,56.0,56.0,612200
2024-11-26,55.0,57.0,55.0,55.0,64100
2024-11-28,57.0,58.0,55.0,55.0,669300
2024-11-29,56.0,57.0,54.0,57.0,582200
2024-12-02,54.0,56.0,53.0,56.0,339200
2024-12-03,55.0,55.0,52.0,55.0,550700
2024-12-04,54.0,55.0,53.0,55.0,700700
2024-12-05,54.0,54.0,52.0,54.0,320300
2024-12-06,54.0,54.0,53.0,53.0,153300
2024-12-09,53.0,54.0,53.0,54.0,245200
2024-12-10,51.0,54.0,50.0,54.0,3504800
2024-12-11,51.0,52.0,50.0,51.0,718500
2024-12-12,52.0,53.0,51.0,51.0,509000
2024-12-13,52.0,53.0,52.0,52.0,123900
2024-12-16,50.0,53.0,50.0,51.0,214600
2024-12-17,51.0,53.0,50.0,50.0,664800
2024-12-18,50.0,51.0,50.0,51.0,994500
2024-12-19,50.0,50.0,50.0,50.0,122600
2024-12-20,50.0,50.0,50.0,50.0,97300
2024-12-23,51.0,51.0,50.0,50.0,328800
2024-12-24,61.0,68.0,50.0,51.0,84746100
2024-12-27,56.0,70.0,54.0,61.0,44772600
2024-12-30,56.0,59.0,56.0,56.0,4879600
2025-01-02,58.0,75.0,56.0,56.0,114686300
2025-01-03,59.0,62.0,58.0,58.0,10502000
2025-01-06,57.0,60.0,57.0,59.0,8673500
2025-01-07,55.0,58.0,55.0,57.0,2387900
2025-01-08,56.0,59.0,55.0,55.0,9165100
2025-01-09,56.0,57.0,55.0,56.0,4411600
2025-01-10,56.0,56.0,55.0,56.0,729000
2025-01-13,55.0,56.0,53.0,56.0,2100800
2025-01-14,56.0,56.0,54.0,55.0,1723000
2025-01-15,56.0,56.0,54.0,56.0,1518900
2025-01-16,55.0,56.0,54.0,55.0,584800
2025-01-17,55.0,58.0,54.0,55.0,6933800
2025-01-20,56.0,57.0,54.0,56.0,5974000
2025-01-21,56.0,57.0,56.0,56.0,466400
2025-01-22,55.0,57.0,55.0,57.0,249400
2025-01-23,56.0,56.0,55.0,55.0,406300
2025-01-24,56.0,57.0,54.0,56.0,1764300
2025-01-30,57.0,58.0,55.0,56.0,1417600
2025-01-31,56.0,58.0,55.0,56.0,2478500
2025-02-03,55.0,57.0,54.0,56.0,594700
2025-02-04,55.0,57.0,54.0,54.0,2397000
2025-02-05,54.0,56.0,54.0,55.0,700100
2025-02-06,54.0,58.0,54.0,55.0,9878200
2025-02-07,52.0,55.0,52.0,54.0,2393900
2025-02-10,53.0,54.0,52.0,52.0,1450300
2025-02-11,53.0,53.0,52.0,53.0,238400
2025-02-12,53.0,53.0,52.0,52.0,551400
2025-02-13,53.0,53.0,52.0,52.0,79900
2025-02-14,54.0,55.0,52.0,52.0,5685000
2025-02-17,54.0,56.0,53.0,54.0,7269600
2025-02-18,54.0,55.0,53.0,53.0,2621600
2025-02-19,54.0,55.0,53.0,54.0,1991900
2025-02-20,54.0,55.0,53.0,54.0,2248500
2025-02-21,54.0,55.0,53.0,53.0,3559400
2025-02-24,53.0,54.0,52.0,53.0,867600
2025-02-25,53.0,53.0,52.0,53.0,1202900
2025-02-26,52.0,53.0,51.0,53.0,1530500
2025-02-27,53.0,53.0,51.0,52.0,194200
2025-02-28,51.0,52.0,51.0,52.0,155300
2025-03-03,52.0,58.0,51.0,51.0,12138900
2025-03-04,52.0,53.0,51.0,52.0,479000
2025-03-05,53.0,54.0,51.0,52.0,1825800
2025-03-06,52.0,53.0,52.0,52.0,486800
2025-03-07,52.0,52.0,51.0,52.0,69300
2025-03-10,53.0,53.0,51.0,52.0,301300
2025-03-11,52.0,53.0,51.0,53.0,129300
2025-03-12,50.0,52.0,50.0,52.0,4125200
2025-03-13,50.0,50.0,50.0,50.0,62800
2025-03-14,50.0,50.0,50.0,50.0,18800
2025-03-17,50.0,50.0,50.0,50.0,41100
2025-03-18,50.0,50.0,50.0,50.0,51800
2025-03-19,50.0,50.0,50.0,50.0,700
2025-03-20,50.0,50.0,50.0,50.0,11200
2025-03-21,50.0,50.0,50.0,50.0,21100
2025-03-24,50.0,50.0,50.0,50.0,100900
2025-03-25,50.0,50.0,50.0,50.0,202100
2025-03-26,50.0,50.0,50.0,50.0,6300
2025-03-27,50.0,50.0,50.0,50.0,13100
2025-04-08,50.0,50.0,50.0,50.0,1000
2025-04-09,50.0,50.0,50.0,50.0,100
2025-04-10,50.0,50.0,50.0,50.0,1300
2025-04-11,50.0,50.0,50.0,50.0,6000
2025-04-14,50.0,50.0,50.0,50.0,621600
2025-04-15,50.0,50.0,50.0,50.0,532200
2025-04-16,50.0,50.0,50.0,50.0,11000
2025-04-17,50.0,50.0,50.0,50.0,300
2025-04-21,50.0,50.0,50.0,50.0,6300
2025-04-22,50.0,50.0,50.0,50.0,800
2025-04-23,50.0,50.0,50.0,50.0,1400
2025-04-24,50.0,50.0,50.0,50.0,43400
2025-04-25,50.0,50.0,50.0,50.0,1800
2025-04-28,50.0,50.0,50.0,50.0,162500
2025-04-29,50.0,50.0,50.0,50.0,59200
2025-04-30,53.0,57.0,50.0,50.0,14510600
2025-05-02,50.0,54.0,50.0,52.0,4834900
2025-05-05,50.0,51.0,50.0,51.0,4795100
2025-05-06,50.0,50.0,50.0,50.0,274200
2025-05-07,50.0,51.0,50.0,50.0,2319100
2025-05-08,50.0,53.0,50.0,50.0,7552300
2025-05-09,50.0,51.0,50.0,51.0,1131900
2025-05-14,51.0,51.0,50.0,50.0,880000
2025-05-15,50.0,51.0,50.0,51.0,2314600
2025-05-16,50.0,50.0,50.0,50.0,494900
2025-05-19,50.0,51.0,50.0,50.0,1701600
2025-05-20,50.0,53.0,50.0,51.0,5216600
2025-05-21,50.0,51.0,50.0,50.0,2629800
2025-05-22,50.0,51.0,50.0,50.0,2337700
2025-05-23,50.0,50.0,50.0,50.0,7000
2025-05-26,50.0,50.0,50.0,50.0,178000
2025-05-27,50.0,50.0,50.0,50.0,68300
2025-05-28,50.0,52.0,50.0,50.0,4796500
2025-06-02,50.0,50.0,50.0,50.0,292900
2025-06-03,50.0,50.0,50.0,50.0,25500
2025-06-04,50.0,50.0,50.0,50.0,21600
2025-06-05,50.0,50.0,50.0,50.0,103000
2025-06-10,50.0,50.0,50.0,50.0,68900
2025-06-11,50.0,51.0,50.0,50.0,1673700
2025-06-12,50.0,51.0,50.0,50.0,2012700
2025-06-13,50.0,50.0,50.0,50.0,2400
2025-06-16,50.0,50.0,50.0,50.0,212800
2025-06-17,50.0,50.0,50.0,50.0,58500
2025-06-18,50.0,50.0,50.0,50.0,700
2025-06-19,50.0,50.0,50.0,50.0,2100
2025-06-20,50.0,50.0,50.0,50.0,500
2025-06-23,50.0,50.0,50.0,50.0,30600
2025-06-24,50.0,50.0,50.0,50.0,30100
2025-06-25,50.0,50.0,50.0,50.0,85500
2025-06-26,50.0,50.0,50.0,50.0,300
2025-06-30,50.0,50.0,50.0,50.0,2300
2025-07-01,50.0,51.0,50.0,50.0,2610900
2025-07-02,50.0,50.0,50.0,50.0,366700
2025-07-03,50.0,51.0,50.0,50.0,579600
2025-07-04,50.0,50.0,50.0,50.0,17600
2025-07-07,50.0,50.0,50.0,50.0,133600
2025-07-08,50.0,50.0,50.0,50.0,292200
2025-07-09,50.0,50.0,50.0,50.0,500
2025-07-10,50.0,50.0,50.0,50.0,1200
2025-07-11,50.0,50.0,50.0,50.0,22500
2025-07-14,50.0,50.0,50.0,50.0,1600
2025-07-15,50.0,50.0,50.0,50.0,3400
2025-07-16,50.0,50.0,50.0,50.0,40000
2025-07-17,50.0,50.0,50.0,50.0,2000
2025-07-18,50.0,50.0,50.0,50.0,34600
2025-07-21,50.0,50.0,50.0,50.0,16400
2025-07-22,50.0,50.0,50.0,50.0,4800
2025-07-23,50.0,50.0,50.0,50.0,51000
2025-07-24,50.0,50.0,50.0,50.0,7200
2025-07-25,50.0,50.0,50.0,50.0,2300
2025-07-28,50.0,50.0,50.0,50.0,5000
2025-07-29,50.0,50.0,50.0,50.0,638900
2025-07-30,50.0,50.0,50.0,50.0,25600
2025-07-31,50.0,50.0,50.0,50.0,900
2025-08-01,50.0,51.0,50.0,50.0,1082200
2025-08-04,50.0,53.0,50.0,50.0,11190000
2025-08-05,50.0,52.0,50.0,52.0,1761800
2025-08-06,50.0,50.0,50.0,50.0,34800
2025-08-07,50.0,50.0,50.0,50.0,25600
2025-08-08,50.0,50.0,50.0,50.0,8400
2025-08-11,50.0,50.0,50.0,50.0,65800
2025-08-12,51.0,54.0,50.0,50.0,12726500
2025-08-13,56.0,59.0,50.0,51.0,31076400
2025-08-14,54.0,58.0,53.0,57.0,8970400
2025-08-15,52.0,55.0,51.0,54.0,4395700
2025-08-19,51.0,54.0,51.0,52.0,7075000
2025-08-20,57.0,68.0,50.0,51.0,44629600
2025-08-21,61.0,63.0,56.0,57.0,27092200
2025-08-22,58.0,62.0,58.0,61.0,5361800
2025-08-25,60.0,61.0,58.0,59.0,5366900
2025-08-26,60.0,64.0,59.0,60.0,7901600
2025-08-27,58.0,62.0,58.0,61.0,3339300
2025-08-28,62.0,68.0,59.0,59.0,16895600
2025-08-29,58.0,62.0,57.0,61.0,6316500
2025-09-01,54.0,57.0,53.0,53.0,5102500
2025-09-02,72.0,72.0,55.0,55.0,159657700
2025-09-03,68.0,75.0,66.0,70.0,75241800
2025-09-04,73.0,86.0,65.0,68.0,223720600
2025-09-08,88.0,98.0,74.0,78.0,501489300
2025-09-09,86.0,97.0,82.0,88.0,181801100
2025-09-10,88.0,93.0,82.0,87.0,46058200
2025-09-11,85.0,90.0,82.0,89.0,31291100
2025-09-12,84.0,87.0,82.0,85.0,19701100
2025-09-15,85.0,92.0,82.0,84.0,92610200
2025-09-16,83.0,87.0,82.0,85.0,14582700
2025-09-17,83.0,89.0,82.0,83.0,22061000
2025-09-18,81.0,85.0,77.0,83.0,12402700
2025-09-19,76.0,83.0,76.0,82.0,11194900
2025-09-22,74.0,78.0,72.0,76.0,13892200
2025-09-23,76.0,82.0,72.0,76.0,22192700
2025-09-24,80.0,84.0,76.0,77.0,27103500
2025-09-25,78.0,83.0,78.0,83.0,8618800
2025-09-26,77.0,79.0,75.0,77.0,3699600
2025-09-29,78.0,80.0,76.0,77.0,3312000
2025-09-30,81.0,83.0,80.0,80.0,11515600
2025-10-01,80.0,85.0,80.0,83.0,8177200
2025-10-02,81.0,82.0,79.0,80.0,4388600
2025-10-03,79.0,81.0,78.0,79.0,3349800
2025-10-06,76.0,79.0,76.0,79.0,3397500
2025-10-07,75.0,79.0,75.0,76.0,2883800
2025-10-08,73.0,76.0,69.0,75.0,2566300
2025-10-09,72.0,75.0,71.0,73.0,2443900
2025-10-10,73.0,74.0,71.0,72.0,1619100
2025-10-13,70.0,70.0,66.0,69.0,3218400
2025-10-14,62.0,70.0,61.0,70.0,10122300
2025-10-15,74.0,83.0,63.0,63.0,184498800
2025-10-16,69.0,82.0,67.0,81.0,48778800
2025-10-17,68.0,73.0,66.0,71.0,12762100
2025-10-20,66.0,70.0,65.0,70.0,6451200
2025-10-21,65.0,67.0,63.0,66.0,6329300
2025-10-22,68.0,71.0,64.0,65.0,19516800
2025-10-23,71.0,81.0,67.0,68.0,62667100
2025-10-24,72.0,76.0,71.0,74.0,9669200
2025-10-27,66.0,73.0,62.0,72.0,12831400
2025-10-28,69.0,70.0,64.0,67.0,10508800
2025-10-29,66.0,69.0,65.0,69.0,5515000
2025-10-30,69.0,70.0,66.0,66.0,4286400
2025-10-31,67.0,73.0,67.0,67.0,18694000
2025-11-03,66.0,68.0,66.0,67.0,1873600
2025-11-04,70.0,77.0,65.0,66.0,69530000
2025-11-05,92.0,94.0,68.0,69.0,388011900
2025-11-06,81.0,92.0,80.0,92.0,68367600
2025-11-07,81.0,87.0,78.0,82.0,61555300
2025-11-10,81.0,91.0,80.0,82.0,78420200
2025-11-11,78.0,82.0,77.0,82.0,15272900
2025-11-12,77.0,82.0,76.0,78.0,21801700
2025-11-13,77.0,78.0,76.0,78.0,5198000
2025-11-14,77.0,81.0,75.0,77.0,15937900
2025-11-17,77.0,78.0,75.0,77.0,5494500
2025-11-18,91.0,103.0,77.0,77.0,450158100
2025-11-19,93.0,114.0,92.0,92.0,294891200
2025-11-20,91.0,99.0,89.0,94.0,36097800
2025-11-21,91.0,93.0,88.0,92.0,17210100
2025-11-24,89.0,92.0,87.0,91.0,8923400
2025-11-25,88.0,89.0,86.0,89.0,6529800
2025-11-26,87.0,93.0,85.0,88.0,37352600
2025-11-27,88.0,92.0,86.0,88.0,15809300
2025-11-28,91.0,94.0,88.0,88.0,37754800
2025-12-01,88.0,92.0,85.0,91.0,18821800
2025-12-02,87.0,88.0,86.0,88.0,5871500
2025-12-03,88.0,92.0,86.0,87.0,13793400
2025-12-04,96.0,105.0,88.0,88.0,60313300
2025-12-05,94.0,101.0,92.0,93.0,53218100
2025-12-08,94.0,96.0,93.0,95.0,16055100
2025-12-09,103.0,119.0,94.0,95.0,361419900
2025-12-10,93.0,100.0,91.0,100.0,47893600
2025-12-11,104.0,121.0,93.0,94.0,560360000
2025-12-12,97.0,106.0,96.0,105.0,26597900
2025-12-15,91.0,98.0,90.0,97.0,21273600
2025-12-16,93.0,94.0,91.0,91.0,8819400
2025-12-17,95.0,97.0,92.0,94.0,14429800
2025-12-18,95.0,98.0,93.0,95.0,13314100
2025-12-19,94.0,99.0,93.0,97.0,16622900
2025-12-22,91.0,94.0,91.0,94.0,7517300
2025-12-23,99.0,103.0,87.0,92.0,108362500
2025-12-24,98.0,102.0,92.0,99.0,43214400
2025-12-29,95.0,97.0,93.0,96.0,10549000
2025-12-30,93.0,96.0,92.0,95.0,8742800
2026-01-02,94.0,95.0,93.0,94.0,5828900
2026-01-05,96.0,96.0,93.0,94.0,7106600
2026-01-06,95.0,96.0,94.0,95.0,3488700
2026-01-07,92.0,95.0,92.0,95.0,7991700
2026-01-08,101.0,120.0,91.0,93.0,355857500
2026-01-09,100.0,102.0,94.0,101.0,25553300
2026-01-12,106.0,128.0,98.0,100.0,350757700
2026-01-13,103.0,118.0,102.0,106.0,84648700
2026-01-14,105.0,108.0,103.0,106.0,19589600
2026-01-15,103.0,106.0,101.0,105.0,11828500
2026-01-19,104.0,104.0,101.0,103.0,11114800
2026-01-20,106.0,108.0,103.0,105.0,23751100
2026-01-21,104.0,107.0,102.0,107.0,14023500
2026-01-22,106.0,108.0,103.0,104.0,12710600
2026-01-23,104.0,107.0,101.0,106.0,12623100
2026-01-26,103.0,104.0,102.0,104.0,5042700
2026-01-27,101.0,103.0,96.0,102.0,11734900
2026-01-28,89.0,99.0,87.0,99.0,12107700
2026-01-29,87.0,91.0,76.0,91.0,9004200
2026-01-30,91.0,95.0,86.0,88.0,5055300
2026-02-02,86.0,93.0,86.0,92.0,4202700
2026-02-03,92.0,94.0,85.0,88.0,5186000
2026-02-04,88.0,93.0,88.0,92.0,2847700
2026-02-05,92.0,99.0,89.0,90.0,22154400
2026-02-06,89.0,92.0,88.0,92.0,3541300
2026-02-09,90.0,91.0,86.0,89.0,2844700
2026-02-10,90.0,94.0,90.0,90.0,3211300
2026-02-11,92.0,93.0,90.0,92.0,2766500
2026-02-12,91.0,93.0,90.0,92.0,2324900
2026-02-13,92.0,93.0,91.0,92.0,1930800
2026-02-18,92.0,95.0,91.0,92.0,3541900
2026-02-19,93.0,94.0,91.0,91.0,6171300
2026-02-20,97.0,100.0,93.0,94.0,24368900
2026-02-23,96.0,102.0,95.0,98.0,11494100
2026-02-24,96.0,98.0,94.0,96.0,4023800
2026-02-25,98.0,101.0,95.0,97.0,10890500
2026-02-26,93.0,101.0,88.0,98.0,18271600
2026-02-27,92.0,93.0,88.0,91.0,4853000
2026-03-02,82.0,88.0,80.0,84.0,9313700
2026-03-03,82.0,85.0,81.0,83.0,2966300
2026-03-04,78.0,82.0,74.0,82.0,3626000
2026-03-05,80.0,83.0,79.0,81.0,2968600
2026-03-06,79.0,81.0,77.0,81.0,839900
2026-03-09,74.0,84.0,70.0,77.0,5002800
2026-03-10,77.0,80.0,75.0,75.0,2022800
2026-03-11,78.0,91.0,75.0,77.0,19519900
2026-03-12,82.0,83.0,76.0,78.0,8607900
2026-03-13,76.0,81.0,73.0,81.0,5868600
2026-03-16,73.0,75.0,70.0,75.0,1765100
2026-03-17,71.0,74.0,71.0,73.0,864400
2026-03-25,74.0,76.0,71.0,71.0,630300
2026-03-26,73.0,76.0,71.0,74.0,1912400
2026-03-27,73.0,81.0,71.0,71.0,8740800
2026-03-30,76.0,77.0,72.0,73.0,2945100
2026-03-31,78.0,81.0,74.0,76.0,9514300
2026-04-01,78.0,83.0,76.0,80.0,9788900
2026-04-02,74.0,84.0,74.0,77.0,7382900
2026-04-06,75.0,79.0,72.0,73.0,3927600
2026-04-07,75.0,79.0,73.0,75.0,2664200
2026-04-08,77.0,77.0,75.0,75.0,1672300
2026-04-09,76.0,77.0,75.0,76.0,2063700
2026-04-10,85.0,93.0,75.0,76.0,28896800
2026-04-13,114.0,114.0,96.0,103.0,348557200
2026-04-14,152.0,152.0,120.0,126.0,740319500
2026-04-15,132.0,200.0,131.0,156.0,760459400
2026-04-16,135.0,142.0,122.0,137.0,118589600
2026-04-17,152.0,167.0,135.0,139.0,465240300
2026-04-20,199.0,199.0,151.0,166.0,1050496700
2026-04-21,199.0,199.0,199.0,199.0,0
2026-04-22,196.0,240.0,187.0,212.0,1043081300
2026-04-23,185.0,195.0,167.0,168.0,221773700
2026-04-24,162.0,194.0,160.0,176.0,105964100
2026-04-27,189.0,189.0,161.0,170.0,140733500
2026-04-28,199.0,210.0,170.0,172.0,250212500
2026-04-29,238.0,250.0,218.0,230.0,728295200
2026-04-30,238.0,238.0,238.0,238.0,0
2026-05-01,238.0,238.0,238.0,238.0,0
2026-05-04,238.0,238.0,238.0,238.0,0
2026-05-05,238.0,238.0,238.0,238.0,0
2026-05-06,238.0,238.0,238.0,238.0,0
2026-05-07,238.0,238.0,238.0,238.0,0
2026-05-08,238.0,238.0,238.0,238.0,0
2026-05-11,238.0,238.0,238.0,238.0,0
2026-05-12,238.0,238.0,238.0,238.0,0
2026-05-13,238.0,238.0,238.0,238.0,0
2026-05-14,238.0,238.0,238.0,238.0,0
2026-05-15,238.0,238.0,238.0,238.0,0
2026-05-18,238.0,238.0,238.0,238.0,0
2026-05-19,238.0,238.0,238.0,238.0,0
2026-05-20,238.0,238.0,238.0,238.0,0
2026-05-21,238.0,238.0,238.0,238.0,0
2026-05-22,238.0,238.0,238.0,238.0,0
2026-05-25,238.0,238.0,238.0,238.0,0
2026-05-26,238.0,238.0,238.0,238.0,0
2026-05-27,238.0,238.0,238.0,238.0,0
2026-05-28,238.0,238.0,238.0,238.0,0
2026-05-29,238.0,238.0,238.0,238.0,0
2026-06-01,238.0,238.0,238.0,238.0,0
2026-06-02,238.0,238.0,238.0,238.0,0
2026-06-03,238.0,238.0,238.0,238.0,0
2026-06-04,238.0,238.0,238.0,238.0,0
2026-06-05,238.0,238.0,238.0,238.0,0
2026-06-08,238.0,238.0,238.0,238.0,0
2026-06-09,238.0,238.0,238.0,238.0,0
2026-06-10,238.0,238.0,238.0,238.0,0
2026-06-11,238.0,238.0,238.0,238.0,0
2026-06-12,238.0,238.0,238.0,238.0,0
2026-06-15,238.0,238.0,238.0,238.0,0
2026-06-16,238.0,238.0,238.0,238.0,0
2026-06-17,238.0,238.0,238.0,238.0,0
2026-06-18,238.0,238.0,238.0,238.0,0
2026-06-19,238.0,238.0,238.0,238.0,0
2026-06-22,238.0,238.0,238.0,238.0,0
2026-06-23,238.0,238.0,238.0,238.0,0
2026-06-24,238.0,238.0,238.0,238.0,0
2026-06-25,238.0,238.0,238.0,238.0,0
2026-06-26,238.0,238.0,238.0,238.0,0
2026-06-29,260.0,260.0,220.0,250.0,79340700
2026-06-30,286.0,286.0,260.0,260.0,29367400
2026-07-01,314.0,314.0,306.0,306.0,19441600
2026-07-02,344.0,344.0,322.0,322.0,16528300
2026-07-03,378.0,378.0,346.0,346.0,13954500
